size,nodes,edges,list_load_time_s,list_memory_mb,list_edge_qps,list_neighbor_time_s,list_dijkstra_s,list_astar_s,matrix_load_time_s,matrix_memory_mb,matrix_edge_qps,matrix_neighbor_time_s,matrix_dijkstra_s,matrix_astar_s,matrix_skipped,matrix_reason
tiny,100,200,0.013004302978515625,0.10683822631835938,4997979.0276453765,0.0009999275207519531,0.0,0.00019974708557128905,0.0030007362365722656,0.14152908325195312,9984060.937871935,0.05200028419494629,0.0001995563507080078,0.00019979476928710938,False,
small,961,2402,0.03900027275085449,0.7037315368652344,5001554.972573336,0.0019974708557128906,0.002000093460083008,0.0003998279571533203,0.03700113296508789,7.4243927001953125,4998574.663329758,0.4707188606262207,0.017599964141845705,0.0019998550415039062,False,
medium,10000,30000,0.3599989414215088,9.252647399902344,1428529.0010558222,0.0029990673065185547,0.03020014762878418,0.006199693679809571,1.3448309898376465,766.7258062362671,2500479.313222845,5.100863456726074,2.46404767036438,0.20427818298339845,False,
huge,99856,299568,3.6827821731567383,97.89184379577637,588178.9370354789,0.004998207092285156,0.3430336952209473,0.07290658950805665,,,,,,,True,Would require 74.3 GB RAM
